"No.","Name","BundleID","Filename"
"1","Messages","com.apple.MobileSMS","com.apple.MobileSMS-large"
"2","Messenger","com.facebook.Messenger","com.facebook.Messenger-large"
"3","Notes","com.apple.mobilenotes","com.apple.mobilenotes-large"
"4","Reminders","com.apple.reminders","com.apple.reminders-large"
"5","Camera","com.apple.camera","com.apple.camera-large"
"6","Instagram","com.burbn.instagram","com.burbn.instagram-large"
"7","Whatsapp","net.whatsapp.WhatsApp","net.whatsapp.WhatsApp-large"
"8","Files","com.apple.DocumentsApp","com.apple.DocumentsApp-large"
"9","Find my Friends","com.apple.mobileme.fmf1","com.apple.mobileme.fmf1-large"
"10","Home","com.apple.Home","com.apple.Home-large"
"11","iBooks","com.apple.iBooks","com.apple.iBooks-large"
"12","iCloud Drive","com.apple.iclouddriveapp","com.apple.iclouddriveapp-large"
"13","Safari","com.apple.mobilesafari","com.apple.mobilesafari-large"
"14","Phone","com.apple.mobilephone","com.apple.mobilephone-large"
"15","Clock","com.apple.mobiletimer","com.apple.mobiletimer-large"
"16","Weather","com.apple.weather","com.apple.weather-large"
"17","Settings","com.apple.Preferences","com.apple.Preferences-large"
"18","Mail","com.apple.mobilemail","com.apple.mobilemail-large"
"19","iTunes Store","com.apple.MobileStore","com.apple.MobileStore-large"
"20","News","com.apple.news","com.apple.news-large"
"21","Tips","com.apple.tips","com.apple.tips-large"
"22","Photobooth","com.apple.Photo-Booth","com.apple.Photo-Booth-large"
"23","TV","com.apple.tv","com.apple.tv-large"
"24","Videos","com.apple.videos","com.apple.videos-large"
"25","Compass","com.apple.compass","com.apple.compass-large"
"26","Music","com.apple.Music","com.apple.Music-large"
"27","Stocks","com.apple.stocks","com.apple.stocks-large"
"28","Calendar","com.apple.mobilecal","com.apple.mobilecal-large"
"29","FaceTime","com.apple.facetime","com.apple.facetime-large"
"30","Calculator","com.apple.calculator","com.apple.calculator-large"
"31","Watch","com.apple.Bridge","com.apple.Bridge-large"
"32","Skype","com.skype.skype","com.skype.skype-large"
"33","Wechat","com.tencent.xin","com.tencent.xin-large"
"34","Uber","com.ubercab.UberClient","com.ubercab.UberClient-large"
"35","Coinbase","com.vilcsak.bitcoin2","com.vilcsak.bitcoin2-large"
"36","Bitmoji","com.bitstrips.imoji","com.bitstrips.imoji-large"
"37","Snapchat","com.toyopagroup.picaboo","com.toyopagroup.picaboo-large"
"38","Spotify","com.spotify.client","com.spotify.client-large"
"39","Anemone","com.anemonetheming.anemone","com.anemonetheming.anemone-large"
"40","Cydia","com.saurik.Cydia","com.saurik.Cydia-large"
"41","Twitter","com.atebits.Tweetie2","com.atebits.Tweetie2-large"
"42","Netflix","com.netflix.Netflix","com.netflix.Netflix-large"
"43","Tic Tok","com.ss.iphone.ugc.Ame","com.ss.iphone.ugc.Ame-large"
"44","Pandora","com.pandora","com.pandora-large"
"45","Amazon","com.amazon.Amazon","com.amazon.Amazon-large"
"46","Amazon (UK)","com.amazon.AmazonUK","com.amazon.AmazonUK-large"
"47","Amazon (JP)","com.amazon.AmazonJP","com.amazon.AmazonJP-large"
"48","Tumblr","com.tumblr.tumblr","com.tumblr.tumblr-large"
"49","Reddit","com.reddit.Reddit","com.reddit.Reddit-large"
"50","Reddit (Alien Blue)","com.reddit.alienblue","com.reddit.alienblue-large"
"51","Filza","com.tigisoftware.Filza","com.tigisoftware.Filza-large"
"52","Google Maps","com.google.Maps","com.google.Maps-large"
"53","Maps","com.apple.Maps","com.apple.Maps-large"
"54","Podcasts","com.apple.podcasts","com.apple.podcasts-large"
"55","Chrome","com.google.chrome.ios","com.google.chrome.ios-large"
"56","Photos","com.apple.mobileslideshow","com.apple.mobileslideshow-large"
"57","Pokemon GO","com.nianticlabs.pokemongo","com.nianticlabs.pokemongo-large"
"58","Dropbox","com.getdropbox.Dropbox","com.getdropbox.Dropbox-large"
"59","Pinterest","pinterest","pinterest-large"
"60","Google Translate","com.google.Translate","com.google.Translate-large"
"61","Line","jp.naver.line","jp.naver.line-large"
"62","Slack","com.tinyspeck.chatlyio","com.tinyspeck.chatlyio-large"
"63","App Store","com.apple.AppStore","com.apple.AppStore-large"
"64","Find my iPhone","com.apple.mobileme.fmip1","com.apple.mobileme.fmip1-large"
"65","Health","com.apple.Health","com.apple.Health-large"
"66","Voice Memos","com.apple.VoiceMemos","com.apple.VoiceMemos-large"
"67","Contacts","com.apple.MobileAddressBook","com.apple.MobileAddressBook-large"
"68","Electra","org.coolstar.electra","org.coolstar.electra-large"
"69","Electra1131","org.coolstar.electra1131","org.coolstar.electra1131-large"
"70","Electra1131MP","org.coolstar.electra1131-mp","org.coolstar.electra1131-mp-large"
"71","Youtube","com.google.ios.youtube","com.google.ios.youtube-large"
"72","9GAG","com.9gag.ios.mobile","com.9gag.ios.mobile-large"
"73","iTunes U","com.apple.itunesu","com.apple.itunesu-large"
"74","Shazam","com.shazam.Shazam","com.shazam.Shazam-large"
"75","Venmo","net.kortina.labs.Venmo","net.kortina.labs.Venmo-large"
"76","Workflow","is.workflow.my.app","is.workflow.my.app-large"
"77","Passbook","com.apple.Passbook","com.apple.Passbook-large"
"78","Uber Eats","com.ubercab.UberEats","com.ubercab.UberEats-large"
"79","Clear","com.realmacsoftware.clear","com.realmacsoftware.clear-large"
"80","Facebook","com.facebook.Facebook","com.facebook.Facebook-large"
"81","Kodi","org.xbmc.kodi-ios","org.xbmc.kodi-ios-large"
"82","Kodi","com.tweakbox.kodi","com.tweakbox.kodi-large"
"83","Tweakbox","",""
"84","Soundcloud","com.soundcloud.TouchApp","com.soundcloud.TouchApp-large"
"85","Yugioh","com.logickllc.yugipedia","com.logickllc.yugipedia-large"
"86","Carrot Rewards","com.scr.CarrotRewards","com.scr.CarrotRewards-large"
"87","App Cake","com.iphonecake.appcake2","com.iphonecake.appcake2-large"
"88","iCleaner Pro","com.exile90.icleanerpro","com.exile90.icleanerpro-large"
"89","iCleaner Pro","org.altervista.exilecom.icleaner","org.altervista.exilecom.icleaner-large"
"90","Terminal","ws.hbang.newterm2","ws.hbang.newterm2-large"
"91","Terminal","ws.hbang.Terminal","ws.hbang.Terminal-large"
"92","Door Dash","doordash.DoorDashConsumer","doordash.DoorDashConsumer-large"
"93","Evernote","com.evernote.iPhone.Evernote","com.evernote.iPhone.Evernote-large"
"94","Yelp","com.yelp.yelpiphone","com.yelp.yelpiphone-large"
"95","MovieBox","com.sull.videofun","com.sull.videofun-large"
"96","Starbucks","com.starbucks.mystarbucks","com.starbucks.mystarbucks-large"
"97","Starbucks Hong Kong","hk.com.starbucks.starbuckshk","hk.com.starbucks.starbuckshk-large"
"98","Starbucks China","com.starbuckschina.mystarbucksmoments","com.starbuckschina.mystarbucksmoments-large"
"99","Starbucks Kuwait","com.starbucks.ku","com.starbucks.ku-large"
"100","Drop","com.drop.molly","com.drop.molly-large"
"101","Ext3nder","com.cydia.Ext3nder","com.cydia.Ext3nder-large"
"102","Feedback","com.apple.appleseed.FeedbackAssistant","com.apple.appleseed.FeedbackAssistant-large"
"103","Twitch","tv.twitch","tv.twitch-large"
"104","myMail","com.my.mail","com.my.mail-large"
"105","Paypal","com.yourcompany.PPClient","com.yourcompany.PPClient-large"
"106","1Password","com.agilebits.onepassword-ios","com.agilebits.onepassword-ios-large"
"107","Viber","com.viber","com.viber-large"
"108","Calandar 5","com.readdle.Calendars5","com.readdle.Calendars5-large"
"109","Goodreads","com.goodreads.Goodreads","com.goodreads.Goodreads-large"
"110","Overcast","fm.overcast.overcast","fm.overcast.overcast-large"
"111","Discord","com.hammerandchisel.discord","com.hammerandchisel.discord-large"
"112","Dribbble","com.dribbble.dribbble","com.dribbble.dribbble-large"
"113","Halide","com.chromanoir.Zeit","com.chromanoir.Zeit-large"
"114","VSCO","co.visualsupply.cam","co.visualsupply.cam-large"
"115","Agenda","com.momenta.agenda.ios","com.momenta.agenda.ios-large"
"116","Apollo","com.christianselig.Apollo","com.christianselig.Apollo-large"
"117","Narwhal","com.rickharrison.narwhal","com.rickharrison.narwhal-large"
"118","Bundle","com.td.bundleidsxi","com.td.bundleidsxi-large"
"119","Bundle","com.wavelink.bundleidsxi","com.wavelink.bundleidsxi-large"
"120","Edison Email","com.easilydo.mail","com.easilydo.mail-large"
"121","VLC","org.videolan.vlc-ios","org.videolan.vlc-ios-large"
"122","Jira","com.atlassian.jira.app","com.atlassian.jira.app-large"
"123","Stride","com.atlassian.stride","com.atlassian.stride-large"
"124","Calcbot","com.tapbots.Calcbot","com.tapbots.Calcbot-large"
"125","Twitterific","com.iconfactory.Blackbird","com.iconfactory.Blackbird-large"
"126","Steam","com.valvesoftware.Steam","com.valvesoftware.Steam-large"
"127","Mail by Google","com.google.Gmail","com.google.Gmail-large"
"128","My Mail","com.my.mail","com.my.mail-large"
"129","Manga Storm","com.wayudaorerk.mangastormall","com.wayudaorerk.mangastormall-large"
"130","Player IL","player.com","player.com-large"
"131","Tilepic","com.sornsitsrichurat.TilePic","com.sornsitsrichurat.TilePic-large"
"132","iMAL","com.iatgof.imal","com.iatgof.imal-large"
"133","MyAniList","com.coreyroberts.anilist","com.coreyroberts.anilist-large"
"134","Google Drive","com.google.Drive","com.google.Drive-large"
"135","Google Earth","com.google.b612","com.google.b612-large"
"136","Google Docs","com.google.Docs","com.google.Docs-large"
"137","Google Photos","com.google.photos","com.google.photos-large"
"138","Microsoft Word","com.microsoft.Office.Word","com.microsoft.Office.Word-large"
"139","Microsoft Excel","com.microsoft.Office.Excel","com.microsoft.Office.Excel-large"
"140","Microsoft Outlook","com.microsoft.Office.Outlook","com.microsoft.Office.Outlook-large"
"141","Microsoft OneDrive","com.microsoft.skydrive","com.microsoft.skydrive-large"
"142","Fantastical","com.flexibits.fantastical2.iphone","com.flexibits.fantastical2.iphone-large"
"143","Sysco","com.syscocorp.omxmvp","com.syscocorp.omxmvp-large"
"144","Firefox","org.mozilla.ios.Firefox","org.mozilla.ios.Firefox-large"
"145","Medium","com.medium.reader","com.medium.reader-large"
"146","KBC Mobile","be.kbc.kbcbankingiphone","be.kbc.kbcbankingiphone-large"
"147","Telegram","ph.telegra.Telegraph","ph.telegra.Telegraph-large"
"148","Telegram X","org.telegram.TelegramHD","org.telegram.TelegramHD-large"
"149","Afterlight","us.afterlight.Afterlight","us.afterlight.Afterlight-large"
"150","Pocket","com.ideashower.ReadItLaterPro","com.ideashower.ReadItLaterPro-large"
"151","XBOX","com.microsoft.smartglass","com.microsoft.smartglass-large"
"152","IMDB","com.imdb.imdb","com.imdb.imdb-large"
"153","AMC Theaters","com.vmbc.amc","com.vmbc.amc-large"
"154","Baskin Robbins","com.baskinrobbins.app","com.baskinrobbins.app-large"
"155","Carrot Weather","com.grailr.CARROTweather","com.grailr.CARROTweather-large"
"156","Emoji Blitz","com.disney.emojimatch","com.disney.emojimatch-large"
"157","Flo","org.iggymedia.periodtracker","org.iggymedia.periodtracker-large"
"158","Flo (game)","com.roguegames.amzrun","com.roguegames.amzrun-large"
"159","T-Mobile Tuesdays","com.tmobile.tuesdays","com.tmobile.tuesdays-large"
"159","T-Mobile","com.tmobile.TMOAccess","com.tmobile.TMOAccess-large"
"159","T-Mobile","nl.tmobile.mytmobile","nl.tmobile.mytmobile-large"
"160","Speedtest app","com.ookla.speedtest","com.ookla.speedtest-large"
"161","Speedtest Speed Smart","com.veeapps.speedtestxhd","com.veeapps.speedtestxhd-large"
"162","Speedtest Master","co.allconnected.speedtest","co.allconnected.speedtest-large"
"163","Bear","net.shinyfrog.brea-iOS","net.shinyfrog.brea-iOS-large"
"164","CocoaTop","ru.domo.CocoaTop","ru.domo.CocoaTop-large"
"165","Things 3","com.culturedcode.ThingsiPhone","com.culturedcode.ThingsiPhone-large"
"166","IFTTT","com.ifttt.ifttt","com.ifttt.ifttt-large"
"167","Activity App","com.apple.Fitness","com.apple.Fitness-large"
"168","Kik","com.kik.chat","com.kik.chat-large"
"169","Waze","com.waze.iphone","com.waze.iphone-large"
"170","Waze Carpool","com.waze.rider","com.waze.rider-large"
"171","Lyft","com.zimride.instant","com.zimride.instant-large"
"172","TD Canada","com.td.tdiphoneapp","com.td.tdiphoneapp-large"
"173","TD Bank","com.tdbank.iphoneapp","com.tdbank.iphoneapp-large"
"174","Google App","com.google.GoogleMobile","com.google.GoogleMobile-large"
"175","Crunchyroll","com.crunchyroll.iphone","com.crunchyroll.iphone-large"
"176","Playstation App","com.playstation.eu.playstationadhoc","com.playstation.eu.playstationadhoc-large"
"177","Webtoon","com.naver.linewebtoon","com.naver.linewebtoon-large"
"178","Playstation Messages","com.playstation.eu.mobilemessages","com.playstation.eu.mobilemessages-large"
"179","Manga Rock","com.notabasement.mr2","com.notabasement.mr2-large"
"181","Firefox Focus","org.mozilla.ios.Focus","org.mozilla.ios.Focus-large"
"182","Amazon Prime Video","com.amazon.aiv.AIVApp","com.amazon.aiv.AIVApp-large"
"183","Hulu","com.hulu.plus","com.hulu.plus-large"
"184","Ebay","com.ebay.iphone","com.ebay.iphone-large"
"185","Ebay","com.ebaykleinanzeigen.ebc","com.ebaykleinanzeigen.ebc-large"
"186","Plex","com.plexapp.plex","com.plexapp.plex-large"
"187","Vodaphone","com.emeint.engezly","com.emeint.engezly-large"
"188","Vodaphone","com.vodafone.mCare","com.vodafone.mCare-large"
"189","Vodaphone","com.vodafone.my190","com.vodafone.my190-large"
"190","Vodaphone","qa.vodafone.mcare","qa.vodafone.mcare-large"
"191","Vodaphone","com.vodafonegr.myvodafone","com.vodafonegr.myvodafone-large"
"192","Vodaphone","com.vodafoneal.vfalmcare","com.vodafoneal.vfalmcare-large"
"193","Vodaphone","nz.co.vodafone.MyVodafoneApp","nz.co.vodafone.MyVodafoneApp-large"
"194","Vodaphone","com.vf.selfservis","com.vf.selfservis-large"
"195","Stadtsparkasse","de.starfinanz.Finanzstatus","de.starfinanz.Finanzstatus-large"
"196","N26","de.no26.Number26","de.no26.Number26-large"
"197","Spark","com.readdle.smartemail","com.readdle.smartemail-large"
"198","Forza","com.footballaddicts.livescoreaddicts","com.footballaddicts.livescoreaddicts-large"
"199","Scanner Pro","com.btgs.scannerhdlite","com.btgs.scannerhdlite-large"
"200","Scanner Pro","com.readdle.Scanner","com.readdle.Scanner-large"
"201","Scanner App","com.zuletteran.scannerfree","com.zuletteran.scannerfree-large"
"202","YouTube Creator Studio","com.google.ios.ytcreator","com.google.ios.ytcreator-large"
"203","Apple Support","com.apple.supportapp","com.apple.supportapp-large"
"204","Apple Store","com.apple.store.Jolly","com.apple.store.Jolly-large"
"205","Canvas Student","com.instructure.icanvas","com.instructure.icanvas-large"
"206","imgur","imgurmobile","imgurmobile-large"
"207","Powerschool Learning","com.powerschool.learning","com.powerschool.learning-large"
"208","Powerschool Mobile","com.powerschool.portal","com.powerschool.portal-large"
"209","Powerschool University","com.pearson.pss.psuapp","com.pearson.pss.psuapp-large"
"210","Powerschool Teacher","com.pearson.pss.teacherapp","com.pearson.pss.teacherapp-large"
"211","Fortnite","com.chairentertainment.Fortnite","com.chairentertainment.Fortnite-large"
"212","Virtual wallet ","com.PNC.VirtualWallet","com.PNC.VirtualWallet-large"
"213","Geekbench","com.primatelabs.geekbench4","com.primatelabs.geekbench4-large"
"214","Ifunny","ru.flysoft.ifunny","ru.flysoft.ifunny-large"
"215","Square Point of Sale","com.squareup.square","com.squareup.square-large"
"216","Inbox by Google","com.google.inbox","com.google.inbox-large"
"217","tomb of the mask","com.happymagenta.fromcore","com.happymagenta.fromcore-large"
"218","Google Play Movies","com.google.Movies","com.google.Movies-large"
"219","Quizlet","com.quizlet.quizlet","com.quizlet.quizlet-large"
"220","Impeached","com.lbastudios.Impeached","com.lbastudios.Impeached-large"
"221","Battle.net","com.blizzard.social","com.blizzard.social-large"
"222","Blizzard Authenticator","com.blizzard.Authenticator","com.blizzard.Authenticator-large"
"223","BBM","com.blackberry.bbm1","com.blackberry.bbm1-large"
"224","iTunes Remote","com.apple.Remote","com.apple.Remote-large"
"225","Cash App","com.squareup.cash","com.squareup.cash-large"
"226","SNKRS","com.nike.onenikecommerce","com.nike.onenikecommerce-large"
"227","Tweetbot","com.tapbots.Tweetbot4","com.tapbots.Tweetbot4-large"
"228","Wyze","com.hualai.WyzeCam","com.hualai.WyzeCam-large"
"229","BMO","com.fis.071025661SUB","com.fis.071025661SUB-large"
"230","BMO","com.bmo.mbanking","com.bmo.mbanking-large"
"231","Clue","com.helloclue.clue","com.helloclue.clue-large"
"232","MyFitnessPal","com.myfitnesspal.mfp","com.myfitnesspal.mfp-large"
"233","Second Cup","com.hypernymbiz.SecondCup","com.hypernymbiz.SecondCup-large"
"234","Huji","com.jbinary.hujicam","com.jbinary.hujicam-large"
"235","Turo","com.relayrides.ios.RelayRides","com.relayrides.ios.RelayRides-large"
"236","tinder","com.cardify.tinder","com.cardify.tinder-large"
"237","aloha web browser","com.alohabrowser.alohabrowser","com.alohabrowser.alohabrowser-large"
"238","Wish","com.contextlogic.Wish","com.contextlogic.Wish-large"
"239","Groupon","com.groupon.grouponapp","com.groupon.grouponapp-large"
"240","Progressive","com.progressive.ProgressiveApp","com.progressive.ProgressiveApp-large"
"241","Ali express","com.alibaba.iAliexpress","com.alibaba.iAliexpress-large"
"242","AnimojiStudio","fun.Animoji","fun.Animoji-large"
"243","Draft Kings","com.draftkings.dknativermg","com.draftkings.dknativermg-large"
"244","Fantasy","com.espn.fantasyFootball","com.espn.fantasyFootball-large"
"245","Fumatic","net.fumatic.fumatic","net.fumatic.fumatic-large"
"246","My Mixtapez","com.mymixtapez.ios","com.mymixtapez.ios-large"
"247","Papers.co","co.papers.Papers","co.papers.Papers-large"
"248","Tunemoji","uk.emoticast.TuneMoji","uk.emoticast.TuneMoji-large"
"249","Potential","com.subsplashmarketing.Potential-Church","com.subsplashmarketing.Potential-Church-large"
"250","Betternet","com.betternet","com.betternet-large"
"251","UFC","com.ufc.UFCTV","com.ufc.UFCTV-large"
"252","Google Assistant","com.google.OPA","com.google.OPA-large"
"253","Wunderlist","com.6wunderkinder.wunderlistmobile","com.6wunderkinder.wunderlistmobile-large"
"254","Alpaca","com.atmosphere.alpaca","com.atmosphere.alpaca-large"
"255","Simple (Banking)","com.simple.Simple","com.simple.Simple-large"
"256","Chase Bank","com.chase","com.chase-large"
"257","Yahoo Weather","com.yahoo.weather","com.yahoo.weather-large"
"258","Airbnb","com.airbnb.app","com.airbnb.app-large"
"259","Lightroom","com.adobe.lrmobilephone","com.adobe.lrmobilephone-large"
"260","Photoshop express","com.adobe.PSMobile","com.adobe.PSMobile-large"
"261","LinkedIn","com.linkedin.LinkedIn","com.linkedin.LinkedIn-large"
"262","YRTViva Pay","co.bytemark.York","co.bytemark.York-large"
"263","pubg mobile","com.tencent.ig","com.tencent.ig-large"
"264","Clash Royale","com.supercell.scroll","com.supercell.scroll-large"
"265","Mobile Chess","R6WLZBVJLW.ChessFree","R6WLZBVJLW.ChessFree-large"
"266","Mobile Chess","com.byterun.chess","com.byterun.chess-large"
"267","Mobile Chess","com.chess.iphone","com.chess.iphone-large"
"268","Solitaire","com.mobilityware.SolitaireFree","com.mobilityware.SolitaireFree-large"
"269","Solitaire","com.brainiumstudios.solitairefree","com.brainiumstudios.solitairefree-large"
"270","Solitaire","com.kathleenOswald.solitaire","com.kathleenOswald.solitaire-large"
"271","Roku","com.roku.ios.roku","com.roku.ios.roku-large"
"272","TextFree","com.pinger.textfreeWithVoice","com.pinger.textfreeWithVoice-large"
"273","Yahoo Mail","com.yahoo.Aerogram","com.yahoo.Aerogram-large"
"274","mterminal","com.officialscheduler.mterminal","com.officialscheduler.mterminal-large"
"275","deezer","com.deezer.Deezer","com.deezer.Deezer-large"
"276","Family Calendar","com.btgs.famcal","com.btgs.famcal-large"
"277","Fan Dual","com.fanduel.fd","com.fanduel.fd-large"
"278","Yahoo fantasy Footbal","com.yahoo.ffootball2009","com.yahoo.ffootball2009-large"
"279","Fantasy Labs","com.fantasylabs.FantasyLabs","com.fantasylabs.FantasyLabs-large"
"280","Amazon Fire Remote","com.amazon.firetv.remote","com.amazon.firetv.remote-large"
"281","Fishdom","com.playrix.fishdom-freeplay","com.playrix.fishdom-freeplay-large"
"282","Funimation","com.Funimation.FunimationNow","com.Funimation.FunimationNow-large"
"283","GEICO Mobile","com.geico.GloveBox","com.geico.GloveBox-large"
"284","Mr Cooper Mobile","com.mrcooper.ios.MrCooper","com.mrcooper.ios.MrCooper-large"
"285","NBA","com.nbadigital.gametimelt","com.nbadigital.gametimelt-large"
"286","Order Chaos 2","com.gameloft.OrderChaos2","com.gameloft.OrderChaos2-large"
"287","CBS Radio","com.cbsradio.cbsradioplayer","com.cbsradio.cbsradioplayer-large"
"288","Rehosts","cn.tinyapps.Rehosts","cn.tinyapps.Rehosts-large"
"289","Smashy Brick","com.bulldozergames.smashybrick","com.bulldozergames.smashybrick-large"
"290","Sonos","com.sonos.SonosController","com.sonos.SonosController-large"
"291","Tutu","com.tutuapp.tutuapphwenterprise","com.tutuapp.tutuapphwenterprise-large"
"292","Zip tool free","com.youqm.zitoolfree","com.youqm.zitoolfree-large"
"293","iFile","eu.heinelt.ifile","eu.heinelt.ifile-large"
"294","Leafly","com.leafly.app","com.leafly.app-large"
"295","StockX","com.Campless.Campless","com.Campless.Campless-large"
"296","Grailed","com.grailed.production","com.grailed.production-large"
"297","Slader","com.slader.SladerReader","com.slader.SladerReader-large"
"298","GOAT","com.airgoat.goat.ios","com.airgoat.goat.ios-large"
"299","Last Pass","com.lastpass.ilastpass","com.lastpass.ilastpass-large"
"300","Fitbit","com.fitbit.FitbitMobile","com.fitbit.FitbitMobile-large"
"301","ANZ","com.anz.ANZGrow","com.anz.ANZGrow-large"
"302","MHW Companion","com.SoftwareNotion.MHWorldCompanion","com.SoftwareNotion.MHWorldCompanion-large"
"303","Apple Remote","com.apple.TVRemote","com.apple.TVRemote-large"
"304","Tidal","com.aspiro.TIDAL","com.aspiro.TIDAL-large"
"305","Uber Driver","com.ubercab.UberPartner","com.ubercab.UberPartner-large"
"306","Bank of America","com.bankofamerica.BofA","com.bankofamerica.BofA-large"
"307","myAT&T","com.att.osd.myWireless","com.att.osd.myWireless-large"
"308","Clash of Clans","com.supercell.magic","com.supercell.magic-large"
"309","Camera+ Legacy","com.taptaptap.CameraPlus","com.taptaptap.CameraPlus-large"
"310","Google Keep","com.google.Keep","com.google.Keep-large"
"311","InstaSize Photo Editor & Grid","com.InstaSize","com.InstaSize-large"
"312","Zoho Mail","com.zoho.zmail","com.zoho.zmail-large"
"313","Followers Pro + for Instagram","io.socialhue.app","io.socialhue.app-large"
"314","Nest App","com.nestlabs.jasper.release","com.nestlabs.jasper.release-large"
"315","Ring Doorbell","com.ring","com.ring-large"
"316","Ppsspp","org.ppsspp.ppsspp","org.ppsspp.ppsspp-large"
"317","Appellancy","com.efrederickson.Appellancy-app","com.efrederickson.Appellancy-app-large"
"318","Nds4ios ","org.infinidev.nds4ios","org.infinidev.nds4ios-large"
"319","GBA4iOS ","com.rileytestut.enterprise.GBA4iOS","com.rileytestut.enterprise.GBA4iOS-large"
"320","EQE","com.r333d.eqe.app","com.r333d.eqe.app-large"
"321","Candy crush ","com.midasplayer.apps.candycrushsaga","com.midasplayer.apps.candycrushsaga-large"
"322","Google sheets","com.google.Sheets","com.google.Sheets-large"
"323","Blackboard (student)","com.blackboard.student","com.blackboard.student-large"
"324","My radar ","com.fboweb.MyRadar","com.fboweb.MyRadar-large"
"325","Shrugster ","com.teosoares.shrugster","com.teosoares.shrugster-large"
"326","HotspotVPN ","com.anchorfree.hss","com.anchorfree.hss-large"
"327","Tile","com.thetileapp.tile","com.thetileapp.tile-large"
"328","Qr Reader","com.TapMediaLtd.QRReader","com.TapMediaLtd.QRReader-large"
"329","Xfinity Home Security","com.comcast.XfinityHomeSecurity","com.comcast.XfinityHomeSecurity-large"
"330","RBC Mobile","com.rbc.mobilebanking","com.rbc.mobilebanking-large"
"331","RBC Wallet","com.rbc.wallet","com.rbc.wallet-large"
"332","CIBC","com.CIBC.mobilebanking","com.CIBC.mobilebanking-large"
"333","Facebook Page","com.facebook.PageAdminApp","com.facebook.PageAdminApp-large"
"334","True Caller","com.truesoftware.TrueCallerOther","com.truesoftware.TrueCallerOther-large"
"335","FaceTune","com.lightricks.Facetune","com.lightricks.Facetune-large"
"336","FaceTune2","com.lightricks.Facetune2","com.lightricks.Facetune2-large"
"337","American Express","com.americanexpress.amexservice","com.americanexpress.amexservice-large"
"338","Soundhound Free","com.melodis.soundhound.free","com.melodis.soundhound.free-large"
"339","Soundhound Infinite","com.melodis.midomi","com.melodis.midomi-large"
"340","Player IL","playeril.com","playeril.com-large"
"341","Arena of Valor","com.ngame.allstar.eu","com.ngame.allstar.eu-large"
"342","Bills for iPhone","com.ibearsoft","com.ibearsoft-large"
"343","Bleacher Report","com.bleacherreport.TeamStream","com.bleacherreport.TeamStream-large"
"344","Crash Reporter","crash-reporter","crash-reporter-large"
"345","Direct TV","com.directv.DTViPhone","com.directv.DTViPhone-large"
"346","ESPN","com.espn.ScoreCenter","com.espn.ScoreCenter-large"
"347","Golf Clash","com.playdemic.golf","com.playdemic.golf-large"
"348","Group Me","com.groupme.iphone-app","com.groupme.iphone-app-large"
"349","Google Hangouts","com.google.hangouts","com.google.hangouts-large"
"350","NFL","com.nfl.gamecenter","com.nfl.gamecenter-large"
"351","Tunein Radio","com.tunein.TuneInRadio","com.tunein.TuneInRadio-large"
"352","WWE","com.wwe.universal","com.wwe.universal-large"
"353","Zedge Wallpapers","net.zedge.wallpapers","net.zedge.wallpapers-large"
"354","HotspotVPN ","com.hotspotvpn.hotspotvpn","com.hotspotvpn.hotspotvpn-large"
"355","iCab Mobile","de.icab.iCabMobile","de.icab.iCabMobile-large"
"356","Mobile Wifi","com.huawei.MobileControl","com.huawei.MobileControl-large"
"357","Television Time","com.litteral.TVShows","com.litteral.TVShows-large"
"358","Letterboxd","com.letterboxd.LetterboxdApp","com.letterboxd.LetterboxdApp-large"
"359","TV Time - #1 Show Tracker","com.tozelabs.tvshowtime","com.tozelabs.tvshowtime-large"
"360","Bobby Movie","bcc.movie.bobby","bcc.movie.bobby-large"
"361","McDonald's","com.mcdonalds.gma","com.mcdonalds.gma-large"
"362","Prime Photos from Amazon","com.amazon.CloudDrivePhotos","com.amazon.CloudDrivePhotos-large"
"363","Untappd","com.untappdllc.com","com.untappdllc.com-large"
"364","OLX.pl","pl.tablica","pl.tablica-large"
"365","mBank PL","pl.mobiltek.mbank","pl.mobiltek.mbank-large"
"366","Allegro","com.allegro.iphone","com.allegro.iphone-large"
"367","OTOMOTO.pl","pl.otomoto.otomoto","pl.otomoto.otomoto-large"
"368","VRV","com.ellation.vrv","com.ellation.vrv-large"
"369","Truebill","com.truebill.truebillnative","com.truebill.truebillnative-large"
"370","Formula 1","com.fodmltd.OfficialF1","com.fodmltd.OfficialF1-large"
"371","ParcelTrack","com.uberblic.ParcelTrack","com.uberblic.ParcelTrack-large"
"372","Sliver.tv","tv.sliver.ios","tv.sliver.ios-large"
"373","x-VPN","com.xvpn","com.xvpn-large"
"374","movie diary","com.crowdm.moviediary","com.crowdm.moviediary-large"
"375","documents","com.readdle.ReaddleDocsIPad","com.readdle.ReaddleDocsIPad-large"
"376","RLtracker pro","rltracker.pro.prices","rltracker.pro.prices-large"
"377","Signal","org.whispersystems.signal","org.whispersystems.signal-large"
"378","Bitwarden","com.8bit.bitwarden","com.8bit.bitwarden-large"
"379","Tagesthemen","de.tagesschau.Tagesschau","de.tagesschau.Tagesschau-large"
"380","Google Authenticator ","com.google.Authenticator","com.google.Authenticator-large"
"381","TimeTree","works.jubilee.timetree","works.jubilee.timetree-large"
"382","SPOX","com.spox.mobile","com.spox.mobile-large"
"383","Wattpad","com.fivemobile.wattpad","com.fivemobile.wattpad-large"
"384","ReProvision","com.matchstic.reprovision.ios","com.matchstic.reprovision.ios-large"
"385","TunnelBear ","com.tunnelbear.ios.TunnelBear","com.tunnelbear.ios.TunnelBear-large"
"386","AutoScout 24","com.autoscout24.lab","com.autoscout24.lab-large"
"387","Booking.com","com.booking.BookingApp","com.booking.BookingApp-large"
"388","Pages","com.apple.Pages","com.apple.Pages-large"
"389","Keynote","com.apple.Keynote","com.apple.Keynote-large"
"390","Numbers","com.apple.Numbers","com.apple.Numbers-large"
"391","eventim","de.eventim.iphoneapp","de.eventim.iphoneapp-large"
"392","mytaxi ","de.intelligentapps.ott.client","de.intelligentapps.ott.client-large"
"393","mytaxi ","com.uznewmax.mytaxi","com.uznewmax.mytaxi-large"
"394","MVV","com.mdv.MVVCompanion","com.mdv.MVVCompanion-large"
"395","CertTimeRemain","fr.lululombard.certremaintime","fr.lululombard.certremaintime-large"
"396","TK","de.tk.tk-app","de.tk.tk-app-large"
"397","Numbrs","bundleid unknown","bundleid unknown-large"
"398","S-pushTAN ","de.starfinanz.pushTanApp","de.starfinanz.pushTanApp-large"
"399","Lieferando","com.yourdelivery.lieferando","com.yourdelivery.lieferando-large"
"400","DHL ","org.abc.Dhl","org.abc.Dhl-large"
"401","Foursquare","com.naveenium.foursquare","com.naveenium.foursquare-large"
"402","Swarm","com.foursquare.robin","com.foursquare.robin-large"
"403","Mega","mega.ios","mega.ios-large"
"404","Disney Magical Kingdoms","com.gameloft.disneykingdom","com.gameloft.disneykingdom-large"
"405","Photoshop Fix","com.adobe.photoshop.fix","com.adobe.photoshop.fix-large"
"406","Photoshop Mix","com.adobe.photoshop.mix.ipad","com.adobe.photoshop.mix.ipad-large"
"407","Splasher // Unsplash Client","com.adamtootle.splasher","com.adamtootle.splasher-large"
"408","yandex translate ","ru.yandex.mobile.translate","ru.yandex.mobile.translate-large"
"409","filmborn ","com.mastinlabs.filmborn","com.mastinlabs.filmborn-large"
"410","KSU Mobile","edu.kent.ksumobile","edu.kent.ksumobile-large"
"411","Capital One Mobile","com.capitalone.enterprisemobilebanking","com.capitalone.enterprisemobilebanking-large"
"412","Fifth Third Banking","com.clairmail.fth.client","com.clairmail.fth.client-large"
"413","GameStop","com.gamestop.powerup","com.gamestop.powerup-large"
"414","LetGo","com.letgo.ios","com.letgo.ios-large"
"415","OfferUp","com.offerup.iphone.consumer","com.offerup.iphone.consumer-large"
"416","Pocket Points","co.pocketpoints","co.pocketpoints-large"
"417","Target","com.target.Target","com.target.Target-large"
"418","Zomato","com.zomato.zomato","com.zomato.zomato-large"
"419","Cam Scanner Lite","com.intsig.CamScannerLite","com.intsig.CamScannerLite-large"
"420","Geek","com.contextlogic.Geek","com.contextlogic.Geek-large"
"421","First Choice Power","FirstChoicePower.MobileOAM","FirstChoicePower.MobileOAM-large"
"422","Line Camera","jp.naver.linecamera","jp.naver.linecamera-large"
"423","Magnifier","com.apple.Magnifier","com.apple.Magnifier-large"
"424","Sprint","com.sprint.psd.zone","com.sprint.psd.zone-large"
"425","Numbo","cz.master.beatrix","cz.master.beatrix-large"
"426","PIXMA Print","jp.co.canon.bsd.iphone.PIXMA-Print","jp.co.canon.bsd.iphone.PIXMA-Print-large"
"427","Reform X","com.zestlabs.reformx","com.zestlabs.reformx-large"
"428","Rent Café","com.yardi.rentcafe.resident","com.yardi.rentcafe.resident-large"
"429","SM Pro","com.plusblog.smpro","com.plusblog.smpro-large"
"430","Calculator for iPad Free","com.itwcalculator.calculatorforipadfree","com.itwcalculator.calculatorforipadfree-large"
"431","Passbook UI Service","com.apple.PassbookUIService","com.apple.PassbookUIService-large"
"432","Watch Chat","de.bassapps.WatchChat","de.bassapps.WatchChat-large"
"433","Widget Weather GPS","com.sddevstudio.WidgetWeatherGPS","com.sddevstudio.WidgetWeatherGPS-large"
"434","Weather Underground","com.wunderground.weatherunderground","com.wunderground.weatherunderground-large"
"435","Zip App Free","net.langui.zipappfree","net.langui.zipappfree-large"
"436","Adobe Reader","com.adobe.Adobe-Reader","com.adobe.Adobe-Reader-large"
"437","Fill and Sign","com.adobe.FillAndSign","com.adobe.FillAndSign-large"
"438","Craigslist","YanFlex.CPlus.Craigslist","YanFlex.CPlus.Craigslist-large"
"439","MyNetVue","com.netviewtech.mynetvue","com.netviewtech.mynetvue-large"
"440","Electra Remover","com.pwned4ever.ElectraRemover2.3VFS","com.pwned4ever.ElectraRemover2.3VFS-large"
"441","Cydown","com.julioverne.cydown","com.julioverne.cydown-large"
"442","Caller ID","com.whitepages.callerid","com.whitepages.callerid-large"
"443"," qq (Penguin)","com.tencent.mqq","com.tencent.mqq-large"
"444"," qq音乐","com.tencent.QQMusic","com.tencent.QQMusic-large"
"445","Flipboard","com.flipboard.flipboard-ipad","com.flipboard.flipboard-ipad-large"
"446","Retrica","com.bootstlab.retro","com.bootstlab.retro-large"
"447","Flickr","com.yahoo.flickr","com.yahoo.flickr-large"
"448","IKEA","com.ikea.store","com.ikea.store-large"
"449","NgxCarPlay","com.eason.NGXPlay","com.eason.NGXPlay-large"
"450","NgxCarPlay","com.eason.carplay","com.eason.carplay-large"
"451","NgxCarPlay","com.eason.carplay.ios11","com.eason.carplay.ios11-large"
"452","MyContact Backup","com.globile.ios.mycontactsbackup","com.globile.ios.mycontactsbackup-large"
"453","Batterylife (rbt repo)","com.rbt.batterylife","com.rbt.batterylife-large"
"453","Batterylife (rbt repo)","com.rbt.batterylife","com.rbtdigital.Battery-Life"
"454","Overwatch League","com.blizzard.owl","com.blizzard.owl-large"
"455","Patreon","com.patreon.iphone","com.patreon.iphone-large"
"456","Ratchet and Clank: BTN","com.playstation.ratchetnexus","com.playstation.ratchetnexus-large"
"457","iNDS","com.ApprenticeMediaLLC.iNDS","com.ApprenticeMediaLLC.iNDS-large"
"458","Asos","com.asos.asos","com.asos.asos-large"
"459","Etsy","com.etsy.etsyforios","com.etsy.etsyforios-large"
"460","Flex 3","com.johncoates.Flex","com.johncoates.Flex-large"
"461","Kindle","com.amazon.Lassen","com.amazon.Lassen-large"
"462","NFL fantasy","com.nfl.fantasy.core","com.nfl.fantasy.core-large"
"463","Darkness Rises","com.nexon.da3.global","com.nexon.da3.global-large"
"464","Installer5","me.apptapp.installer","me.apptapp.installer-large"
"465","Dark Sky","com.jackadam.darksky","com.jackadam.darksky-large"
"466","Aspiration","com.aspiration.summit","com.aspiration.summit-large"
"467","Aliwangwang","com.taobao.iteam.ios.aliwangwang","com.taobao.iteam.ios.aliwangwang-large"
"468","Gogoro","com.gogoro.MobileApp","com.gogoro.MobileApp-large"
"469","Summoners war","com.com2us.smon.normal.freefull.apple.kr.ios.universal","com.com2us.smon.normal.freefull.apple.kr.ios.universal-large"
"470","Deemo","com.rayark.pluto","com.rayark.pluto-large"
"471","MACU","com.macu.mfm","com.macu.mfm-large"
"472","Premier League - Official App","com.premierleague.main","com.premierleague.main-large"
"473","Gumtree - Buy & Sell Near You","com.gumtreeuk2.iphone","com.gumtreeuk2.iphone-large"
"474","Sky Sports International","com.bskyb.sports.international","com.bskyb.sports.international-large"
"475","Bible ","tv.lifechurch.bible","tv.lifechurch.bible-large"
"476","B612","com.linecorp.b612","com.linecorp.b612-large"
"477","Google+","com.google.GooglePlus","com.google.GooglePlus-large"
"478","Last fm","fm.last.batch-scrobbler","fm.last.batch-scrobbler-large"
"479","Pizza pizza","com.pizzapizza.live","com.pizzapizza.live-large"
"480","Weblock","com.futuremind.wpad","com.futuremind.wpad-large"
"481","Words with friends","com.zynga.WordsWithFriends3","com.zynga.WordsWithFriends3-large"
"482","iHeart radio","com.clearchannel.iheartradio","com.clearchannel.iheartradio-large"
"483","Vox","com.coppertino.VoxMobile","com.coppertino.VoxMobile-large"
"484","Hike","com.bsb.hike","com.bsb.hike-large"
"485","weibo","com.sina.weibo","com.sina.weibo-large"
"486","alipay","com.alipay.iphoneclient","com.alipay.iphoneclient-large"
"487","Annotable","com.moke.Annotable","com.moke.Annotable-large"
"488","Ticketmaster","com.ticketmaster.ios.TicketmasterApp","com.ticketmaster.ios.TicketmasterApp-large"
"489","Audible","com.audible.iphone","com.audible.iphone-large"
"490","Dashlane","com.dashlane.dashlanephonefinal","com.dashlane.dashlanephonefinal-large"
"491","S-mobiili","fi.smobiili","fi.smobiili-large"
"492","Wilma","fi.starsoft.wilma","fi.starsoft.wilma-large"
"493","Telstra 24x7","com.telstra.telstra24x7iphone","com.telstra.telstra24x7iphone-large"
"494","NextThere","com.appjourney.NextThere","com.appjourney.NextThere-large"
"495","Whisper","sh.whisper.whisperapp","sh.whisper.whisperapp-large"
"496","Cimb Messenger","com.cimb.messenger","com.cimb.messenger-large"
"497","Shopee","com.beeasy.shopee.id","com.beeasy.shopee.id-large"
"498","Lazada","com.LazadaSEA.Lazada","com.LazadaSEA.Lazada-large"
"499","MyUmobile","com.umobile.selfcare","com.umobile.selfcare-large"
"500","Grindr","com.grindrguy.grindrx","com.grindrguy.grindrx-large"
"501","Adguard Pro","com.adguard.AdguardExtension","com.adguard.AdguardExtension-large"
"502","Adguard Pro","com.adguard.AdguardPro","com.adguard.AdguardPro-large"
"504","Oxford Dictionary of English","com.mobisystems.OxfordDictionaryOfEnglishFree","com.mobisystems.OxfordDictionaryOfEnglishFree-large"
"505","BVG FahrInfo Plus Berlin","de.metaquark.vbbquery","de.metaquark.vbbquery-large"
"506","TorAlarm Fussball Bundesliga von TorAlarm ","com.eisterhues-media.TorAlarmPro","com.eisterhues-media.TorAlarmPro-large"
"507","OfferUp","com.offerup.iphone.consumer","com.offerup.iphone.consumer-large"
"508","AppValley","No bundle id","No bundle id-large"
"509","HotSchedules","com.hotschedules.hotschedules","com.hotschedules.hotschedules-large"
"510","Days Since","com.sferrazza.Days-Since-Days-Til","com.sferrazza.Days-Since-Days-Til-large"
"511","Walmart","com.walmart.electronics","com.walmart.electronics-large"
"512","Grocery (by walmart)","com.walmart.grocery","com.walmart.grocery-large"
"513","Team Viewer","com.teamviewer.rc","com.teamviewer.rc-large"
"514","The weather channel","com.weather.TWC","com.weather.TWC-large"
"515","Prime now","com.amazon.Now","com.amazon.Now-large"
"516","WishMindr","com.wishmindr.app","com.wishmindr.app-large"
"517","Flir cloud","com.flir.consumer.flir.cloud","com.flir.consumer.flir.cloud-large"
"518","Get upside","com.upside-services.consumer","com.upside-services.consumer-large"
"519","Fake GPS","com.fake.gpsapp","com.fake.gpsapp-large"
"520","PayByPhone","com.verrus.paybyphone","com.verrus.paybyphone-large"
"521","Motif","com.motifinvesting.MotifExplorer","com.motifinvesting.MotifExplorer-large"
"522","FPL","com.nexteraenergy.fpl","com.nexteraenergy.fpl-large"
"523","My Account (xfinity)","com.comcast.cim.myaccount","com.comcast.cim.myaccount-large"
"524","Citi Mobile (citibank)","com.citigroup.citimobile","com.citigroup.citimobile-large"
"525","Barclays US","com.barclaycardus.iphonesvc","com.barclaycardus.iphonesvc-large"
"526","My Synchrony","com.syf.mysynchrony","com.syf.mysynchrony-large"
"527","Prism","com.mobilligy","com.mobilligy-large"
"528","Acorns","com.acorns.investor","com.acorns.investor-large"
"529","Credit Karma","com.creditkarma.mobile","com.creditkarma.mobile-large"
"530","Mobile Pay (by ally financial)","com.ally.Auto","com.ally.Auto-large"
"531","US Bank","com.usbank.icmobilebanking","com.usbank.icmobilebanking-large"
"532","Xoom","com.xoom.app","com.xoom.app-large"
"533","Discover","com.discoverfinancial.mobile","com.discoverfinancial.mobile-large"
"534","Mint","com.mint.internal","com.mint.internal-large"
"535","Voice (by google)","com.google.GVDialer","com.google.GVDialer-large"
"536","Lose it!","com.fitnow.loseit","com.fitnow.loseit-large"
"537","DietBet","com.dietbet.DietBet","com.dietbet.DietBet-large"
"538","StepBet","com.stepbet.Stepbet","com.stepbet.Stepbet-large"
"539","RunBet","com.runbet.np","com.runbet.np-large"
"540","Subway","com.subway.mobile.subwayapp03","com.subway.mobile.subwayapp03-large"
"541","MyChart","com.epic.mychart","com.epic.mychart-large"
"542","HealthyWage","com.healthywage.ios.HealthyWage","com.healthywage.ios.HealthyWage-large"
"543","Nike + Run club","com.nike.nikeplus-gps","com.nike.nikeplus-gps-large"
"544","Snapsie","com.nibbleapps.Snapsie","com.nibbleapps.Snapsie-large"
"545","FitMenCook","com.nibbleapps.FitMenCook","com.nibbleapps.FitMenCook-large"
"546","Health Mate (by Nokia)","com.withings.wiScaleNG","com.withings.wiScaleNG-large"
"547","Debts Manager","com.mhriley.DebtSnowball","com.mhriley.DebtSnowball-large"
"548","Walmart MoneyCard","com.greendotcorp.walmartmoneycard","com.greendotcorp.walmartmoneycard-large"
"549","ADP Mobile Solutions","com.adp.adpmobile","com.adp.adpmobile-large"
"550","LIFX","com.lifx.lifx","com.lifx.lifx-large"
"551","Nintendo Switch Online App","com.nintendo.znca","com.nintendo.znca-large"
"552","Philips Hue","com.philips.lighting.hue2","com.philips.lighting.hue2-large"
"553","Swish payments","se.bankgirot.swish","se.bankgirot.swish-large"
"554","Authy","com.authy","com.authy-large"
"555","Google Home","com.google.Chromecast","com.google.Chromecast-large"
"556","Bose Connect","com.bose.boseconnect","com.bose.boseconnect-large"
"557","SL-Journey planner and tickets","com.sl.SL-biljetter","com.sl.SL-biljetter-large"
"558","SEB Ung","se.seb.ungdom","se.seb.ungdom-large"
"559","Streamlabs: Livestreaming","com.streamlabs","com.streamlabs-large"
"560","Brandbassador","com.brandbassador.brandbassador","com.brandbassador.brandbassador-large"
"561","My Telenor, Sweden","com.telenor.se.MyTelenor","com.telenor.se.MyTelenor-large"
"562","Shyft","com.coffeemobile.coffeeenterprise","com.coffeemobile.coffeeenterprise-large"
"563","Santander Bank","com.sovereign.santander.us.public..Personal-Banking","com.sovereign.santander.us.public..Personal-Banking-large"
"564","Citibanamex Bank","com.citibanamex.iphoneprod","com.citibanamex.iphoneprod-large"
"565","MyVidster","com.myvidster","com.myvidster-large"
"566","iStudiez PRO","com.kachalobalashoff.iStudent","com.kachalobalashoff.iStudent-large"
"567","Moovit","com.tranzmate.tranzmate1","com.tranzmate.tranzmate1-large"
"568","Musixmatch","com.musixmatch.lyrics","com.musixmatch.lyrics-large"
"569","MercadoLibre","com.3mosquitos.MercadoLibre","com.3mosquitos.MercadoLibre-large"
"570","MyWidgets","francis.bonnin.mywidgets","francis.bonnin.mywidgets-large"
"571","SixFlags","com.sixflags.ios","com.sixflags.ios-large"
"572","Text Now","com.tinginteractive.usms","com.tinginteractive.usms-large"
"573","Squire","com.applications.Squir-App","com.applications.Squir-App-large"
"574","Squire","com.squire","com.squire-large"
"576","Cuponerapp","com.rasatop.Cuponerapp","com.rasatop.Cuponerapp-large"
"577","PromoDescuentos","Missing bundle ID","Missing bundle ID-large"
"578","Blur","com.taphive.blurapp","com.taphive.blurapp-large"
"579","Pillow","com.neybox.Pillow","com.neybox.Pillow-large"
"580","Volaris","com.volaris.ios","com.volaris.ios-large"
"581","VivaAerobus","com.navitaire.nps.VB.production","com.navitaire.nps.VB.production-large"
"582","Aeroméxico","com.aeromexico.app","com.aeromexico.app-large"
"583","Interjet","com.interjet.Interjet","com.interjet.Interjet-large"
"584","Sleep Cycle","com.lexwarelabs.goodmorning","com.lexwarelabs.goodmorning-large"
"585","Xe Currency","com.xe.XECurrency","com.xe.XECurrency-large"
"586","Genius","com.rapgenius.RapGenius","com.rapgenius.RapGenius-large"
"587","Hearthstone","com.blizzard.wtcg.hearthstone","com.blizzard.wtcg.hearthstone-large"
"588","Leboncoin","fr.leboncoin.Leboncoin","fr.leboncoin.Leboncoin-large"
"589","Wells Fargo","com.wf.mobilebanking","com.wf.mobilebanking-large"
"590","iMovie","com.apple.iMovie","com.apple.iMovie-large"
"594","BBC Sport","uk.co.bbc.sportww","uk.co.bbc.sportww-large"
"596","ECB Cricket","com.othermedia.iphone.ecbcricket","com.othermedia.iphone.ecbcricket-large"
"597","GH Drivers ","com.grubhub.GHDelivery","com.grubhub.GHDelivery-large"
"598","Egg Inc","com.auxbrain.egginc","com.auxbrain.egginc-large"
"599","Road Trip","ca.darrenstone.roadtrip","ca.darrenstone.roadtrip-large"
"616","Garmin Connect","com.garmin.connect.mobile","com.garmin.connect.mobile-large"
"617","myCrew - social fitness","com.mycrew","com.mycrew-large"
"618","Pace Calculator","au.com.polymorphsolutions.Pace-Calc","au.com.polymorphsolutions.Pace-Calc-large"
"619","Komoot — Cycling & Hiking Maps","de.komoot.berlinbikeapp","de.komoot.berlinbikeapp-large"
"606","Houseparty","com.herzick.houseparty","com.herzick.houseparty-large"
"607","Pushbullet","com.pushbullet.client","com.pushbullet.client-large"
"608","Youtube Music","com.google.ios.youtubemusic","com.google.ios.youtubemusic-large"
"609","Microsoft Authenticator","com.microsoft.azureauthenticator","com.microsoft.azureauthenticator-large"
"610","Destiny","com.bungieinc.bungie","com.bungieinc.bungie-large"
"612","TripAdvisor","com.tripadvisor.LocalPicks","com.tripadvisor.LocalPicks-large"
"620","Food Network","com.sni.iphone.applications.ITKApp","com.sni.iphone.applications.ITKApp-large"
"621","Notability","com.gingerlabs.Notability","com.gingerlabs.Notability-large"
"622","Microsoft OneNote","com.microsoft.onenote","com.microsoft.onenote-large"
"623","Microsoft Word","com.microsoft.Office.Word","com.microsoft.Office.Word-large"
"624","Microsoft Excel","com.microsoft.Office.Excel","com.microsoft.Office.Excel-large"
"625","Microsoft Powerpoint","com.microsoft.Office.Powerpoint","com.microsoft.Office.Powerpoint-large"
"626","Mendeley","com.mendeley.mendeleyiphone","com.mendeley.mendeleyiphone-large"
"627","Quora","com.quora.app.mobile","com.quora.app.mobile-large"
"628","Jodel","com.go-tellm.tellm","com.go-tellm.tellm-large"
"629","Piano Tiles 2™","com.cmplay.tiles2","com.cmplay.tiles2-large"
"630","Amazon Alexa","com.amazon.echo","com.amazon.echo-large"
"631","Activator","libactivator","libactivator-large"
"632","Smart Life","com.tuya.smartlife","com.tuya.smartlife-large"
"635","KakaoTalk","com.iwilab.KakaoTalk","com.iwilab.KakaoTalk-large"
"636","CARROT To-Do","com.grailr.CARROT","com.grailr.CARROT-large"
"637","Huntington Mobile","com.huntington.m","com.huntington.m-large"
"638","Mobile Legends: Bang Bang","com.mobile.legends","com.mobile.legends-large"
"639","Rayman Adventures","com.ubisoft.raymanadventurestv","com.ubisoft.raymanadventurestv-large"
"640","Asphalt 9","com.gameloft.asphalt9","com.gameloft.asphalt9-large"
"644","Natwest","com.monitise.matm.Monitise-iPhone-NatWest-EN-GB","com.monitise.matm.Monitise-iPhone-NatWest-EN-GB-large"
"645","Ladbrokes","com.ladbrokes.sportsbook.iphone.uk","com.ladbrokes.sportsbook.iphone.uk-large"
"646","Google Voice","com.google.GVDialer","com.google.GVDialer-large"
"648","Moviepass","com.moviepass.MoviePass","com.moviepass.MoviePass-large"
"649","Marvel Contest of Champions","com.kabam.marvelbattle","com.kabam.marvelbattle-large"
"650","Delta Emulator","com.rileytestut.Delta","com.rileytestut.Delta-large"
"651","Google Calendar","com.google.calendar","com.google.calendar-large"
"652","Bejewelled","com.popcap.ios.BejBlitz","com.popcap.ios.BejBlitz-large"
"653","Forever 21","com.forever21.Forever21","com.forever21.Forever21-large"
"654","Gamerlink","gg.gamerlink.gamerlink","gg.gamerlink.gamerlink-large"
"655","Pimp Your Screen","com.apalonapps.pimpyourscreen","com.apalonapps.pimpyourscreen-large"
"656","Sim City Mobile","com.ea.simcitymobile.bv","com.ea.simcitymobile.bv-large"
"657","Temple Run 2","com.imangi.templerun2","com.imangi.templerun2-large"
"658","Transit","com.samvermette.Transit","com.samvermette.Transit-large"
"659","Viki","com.viki.viki-ios","com.viki.viki-ios-large"
"660","Guitar Tuna","com.ovelin.guitartuna","com.ovelin.guitartuna-large"
"661","H&M","com.hm.goe","com.hm.goe-large"
"662","Test Flight","com.apple.TestFlight","com.apple.TestFlight-large"
"663","Juno","com.gojuno.rider","com.gojuno.rider-large"
"664","Fly Delta","com.delta.iphone.ver1","com.delta.iphone.ver1-large"
"665","Headspace","com.getsomeheadspace.headspace","com.getsomeheadspace.headspace-large"
"666","Calm","com.calm.calmapp","com.calm.calmapp-large"
"667","HBO Go","com.hbo.hbogo","com.hbo.hbogo-large"
"668","Duolingo","com.duolingo.DuolingoMobile","com.duolingo.DuolingoMobile-large"
"669","BundleIDs","com.sassoty.bundleids","com.sassoty.bundleids-large"
"670","UnlimTones","com.unlimapps.UnlimTones","com.unlimapps.UnlimTones-large"
"671","Tom Tom","com.tomtom.UK-Ireland","com.tomtom.UK-Ireland-large"
"672","Giff Gaff","com.giffgaff.mygiffgaff","com.giffgaff.mygiffgaff-large"
"673","Adblock","com.futuremind.adblock","com.futuremind.adblock-large"
"674","BBC Weather","uk.co.bcc.weather","uk.co.bcc.weather-large"
"675","Bytafont 3","com.bytafont.BytaFont3","com.bytafont.BytaFont3-large"
"676","RadioIn","com.alexanderben.RadioIn","com.alexanderben.RadioIn-large"
"677","Alarm Clock Pro","com.ihandysoft.alarmclock.pro","com.ihandysoft.alarmclock.pro-large"
"678","Sleep Maker Storm","nz.co.softwarex.sleepmakerstormfree","nz.co.softwarex.sleepmakerstormfree-large"